<changelog><commit>
					<time>1493909317</time>
					<sha1>4d89aa0ed5eb7e76bf524596b9b3a3ab6831bfb0</sha1>
					<author>Joshua Eilebrecht</author>
					<branches>refs/heads/master</branches>
					<msg>Updated jmjrst.main.

Updated the module jmjrst.main so it can be packaged correctly.</msg>
				</commit><commit>
					<time>1493909272</time>
					<sha1>019b11f3a4499221fb5d8400052039d9142081fc</sha1>
					<author>Joshua Eilebrecht</author>
					<branches>refs/heads/master</branches>
					<msg>Corrected main class definition in jmjrst.main.

Corrected a mistake made in the pom of jmjrst.main, where it defined the wrong main class.</msg>
				</commit><commit>
					<time>1493909179</time>
					<sha1>ec824cb472c28b2a18c08c7ffeb81d4c2022f260</sha1>
					<author>Joshua Eilebrecht</author>
					<branches>refs/heads/master</branches>
					<msg>Updated project.

Updated the whole Maven project iMage to make the manifest of jmjrst.main include the main class of jmjrst.main.</msg>
				</commit><commit>
					<time>1493908888</time>
					<sha1>e2e2fae54f38a2ce2b368c690078f9384fee5d54</sha1>
					<author>Joshua Eilebrecht</author>
					<branches>refs/heads/master</branches>
					<msg>Defined main class of jmjrst.main and packaged iMage and jmjrst.main.

Edited the pom file of jmjrst.main to define the main class of jmjrst.main so the packaged jmjrst.main become executable.
Furthermore tested whether jmjrst.main and iMage is still able to get packaged (it packed both classes successfully).</msg>
				</commit><commit>
					<time>1493908644</time>
					<sha1>5d6c46de6c8a316da94aac8202943a61b84e23aa</sha1>
					<author>Joshua Eilebrecht</author>
					<branches>refs/heads/master</branches>
					<msg>Copied files into jmjrst.main.

Copied following files from the last test project over to jmjrst.main:

 - src/assembly/src.xml
 - src/test/resources/checkstyle_swt1.xml
 - checkstyle.launch
 - integration-test.launch</msg>
				</commit><commit>
					<time>1493908388</time>
					<sha1>bd4bfdff25f865e05e8e2bbdbfb40ebec9030d78</sha1>
					<author>Joshua Eilebrecht</author>
					<branches>refs/heads/master</branches>
					<msg>Applied ub1_a1_g_patch to jmjrst.main.

Applied a patch to resolve some issues with ImageFormatException.</msg>
				</commit><commit>
					<time>1493908216</time>
					<sha1>3df07b03284a3bac3e7c647aab5eda156b8e1d1e</sha1>
					<author>Joshua Eilebrecht</author>
					<branches>refs/heads/master</branches>
					<msg>Updated project.

Updated the Maven project iMage to see the changes made in eclipse.</msg>
				</commit><commit>
					<time>1493908146</time>
					<sha1>e6a33844b0954a5433617a2987b3ebcf85b3ccb1</sha1>
					<author>Joshua Eilebrecht</author>
					<branches>refs/heads/master</branches>
					<msg>Added jmjrst to jmjrst.main.

Copied the files of jmjrst to the module jmjrst.main.</msg>
				</commit><commit>
					<time>1493907947</time>
					<sha1>04a0dd1c1d0f4a625c9ea0024bc951b0882bdf26</sha1>
					<author>Joshua Eilebrecht</author>
					<branches>refs/heads/master</branches>
					<msg>Created jmjrst.main.

Created a new simple Maven module called jmjrst.main, which is part of iMage.</msg>
				</commit><commit>
					<time>1493907846</time>
					<sha1>d983e7563efa160b9e3e551dad68f4d65aa6378c</sha1>
					<author>Joshua Eilebrecht</author>
					<branches>refs/heads/master</branches>
					<msg>Packaged iMage.

Packaged iMage to see if it works.</msg>
				</commit><commit>
					<time>1493907768</time>
					<sha1>7e352813ead2c098a6eddfcf21fa8694f45139a1</sha1>
					<author>Joshua Eilebrecht</author>
					<branches>refs/heads/master</branches>
					<msg>Added iMage/src/assembly/src.xml

Added src.xml to help iMage find its parent project.</msg>
				</commit><commit>
					<time>1493907701</time>
					<sha1>f5f73841af91f3925dde564ef7353424e07e807e</sha1>
					<author>Joshua Eilebrecht</author>
					<branches>refs/heads/master</branches>
					<msg>Added repository to iMage.

Manually edited the pom file of iMage to add a repository to iMage so it can find its parent project.</msg>
				</commit><commit>
					<time>1493907613</time>
					<sha1>0cd8255c4563d55f8fefc5efc8eb1c9727a40ee6</sha1>
					<author>Joshua Eilebrecht</author>
					<branches>refs/heads/master</branches>
					<msg>Created iMage.

Created a new simple Maven project called &quot;iMage&quot;.</msg>
				</commit><commit>
					<time>1493907397</time>
					<sha1>09c5c9f560929810865be5c7ee84bfeecfcdb602</sha1>
					<author>Joshua Eilebrecht</author>
					<branches>refs/heads/master</branches>
					<msg>Added .gitignore.

Added .gitignore into the swt1 workspace.</msg>
				</commit><commit>
					<time>1493907322</time>
					<sha1>0cd39a310f5e7ed381c60ef848059e6d38c69544</sha1>
					<author>Joshua Eilebrecht</author>
					<branches>refs/heads/master</branches>
					<msg>Initialized repository.

Initialized the git repository in the swt1 workspace.</msg>
				</commit></changelog>